{
"lengthUnit": "mil",
"remark": [],
"components": {
	"fields": ["COMPONENT_NO", "COMPONENT_NAME", "LAYER", "X_COORDINATE", "Y_COORDINATE", "ANGLE"],
	"rows": [
		[1, "-   +", "T", 1590, -620, 90],
		[2, "C1", "T", 764, 924, 90],
		[3, "C2", "T", 782, -872, 90],
		[4, "C3", "T", 1258, -574, 90],
		[5, "C4", "T", 1062, -572, 90],
		[6, "C5", "T", 1156, -572, 270],
		[7, "C6", "T", 968, 808, 90],
		[8, "C8", "T", -114, -850, 270],
		[9, "CameraData", "T", -2822, -868, 270],
		[10, "CameraPower", "T", -2822, 898, 270],
		[11, "DistS1", "T", -2904, 234, 270],
		[12, "DistS2", "T", 0, 1048, 0],
		[13, "DistS3", "T", 3254, 0, 270],
		[14, "DistS4", "T", 0, -1048, 180],
		[15, "Encoder", "T", 858, 2, 90],
		[16, "Gyro", "B", -2192, 790, 180],
		[17, "IFX_A1", "T", 1214.9081, 804.9556, 90],
		[18, "LED1", "T", 3202, -1458, 35],
		[19, "LED2", "T", 3177.1522, 1494.6739, 330],
		[20, "LED3", "T", -2294, 1172, 295],
		[21, "LED4", "T", -2294, -1146, 65],
		[22, "LED5", "T", 1088, -1080, 0],
		[23, "ON_OFF", "T", 1724, -922, 0],
		[24, "Q1", "T", -430.3449, -936.5769, 0],
		[25, "R4", "T", -2168, 1094, 180],
		[26, "R5", "T", -2167.1522, -1070.6739, 180],
		[27, "R6", "T", 3258, -1328, 270],
		[28, "R7", "T", 3251.1522, 1372.6739, 90],
		[29, "R8", "T", -36, -832, 270],
		[30, "R9", "T", 38, -834, 90],
		[31, "R10", "T", 1268, -1080, 0],
		[32, "RST", "T", 3232, 938, 90],
		[33, "Servo", "T", -2904, -148, 270],
		[34, "START", "T", 3234, -904, 90],
		[35, "U4", "T", -1146, 6, 90],
		[36, "U5", "T", 1284, -830, 180],
		[37, "PAD1", "T", -416, -736, 0],
		[38, "PAD1", "B", -416, -736, 0],
		[39, "PAD2", "T", 486, -922, 0],
		[40, "PAD2", "B", 486, -922, 0],
		[41, "PAD3", "T", 764, 874, 0],
		[42, "PAD3", "B", 764, 874, 0],
		[43, "PAD4", "T", 764, 974, 0],
		[44, "PAD4", "B", 764, 974, 0],
		[45, "PAD5", "T", 782, -922, 0],
		[46, "PAD5", "B", 782, -922, 0],
		[47, "PAD6", "T", 782, -822, 0],
		[48, "PAD6", "B", 782, -822, 0],
		[49, "PAD7", "T", 1258, -533.45, 0],
		[50, "PAD8", "T", 1258, -614.55, 0],
		[51, "PAD9", "T", 1062, -531.45, 0],
		[52, "PAD10", "T", 1062, -612.55, 0],
		[53, "PAD11", "T", 1156, -505.61, 0],
		[54, "PAD12", "T", 1156, -638.39, 0],
		[55, "PAD13", "T", 968, 848.55, 0],
		[56, "PAD14", "T", 968, 767.45, 0],
		[57, "PAD15", "T", -114, -890.55, 0],
		[58, "PAD16", "T", -114, -809.45, 0],
		[59, "PAD17", "T", -2822, -818, 0],
		[60, "PAD17", "B", -2822, -818, 0],
		[61, "PAD18", "T", -2822, -918, 0],
		[62, "PAD18", "B", -2822, -918, 0],
		[63, "PAD19", "T", -2822, 948, 0],
		[64, "PAD19", "B", -2822, 948, 0],
		[65, "PAD20", "T", -2822, 848, 0],
		[66, "PAD20", "B", -2822, 848, 0],
		[67, "PAD21", "T", -2904, 134, 0],
		[68, "PAD21", "B", -2904, 134, 0],
		[69, "PAD22", "T", -2904, 234, 0],
		[70, "PAD22", "B", -2904, 234, 0],
		[71, "PAD23", "T", -2904, 334, 0],
		[72, "PAD23", "B", -2904, 334, 0],
		[73, "PAD24", "T", 100, 1048, 0],
		[74, "PAD24", "B", 100, 1048, 0],
		[75, "PAD25", "T", 0, 1048, 0],
		[76, "PAD25", "B", 0, 1048, 0],
		[77, "PAD26", "T", -100, 1048, 0],
		[78, "PAD26", "B", -100, 1048, 0],
		[79, "PAD27", "T", 3254, -100, 0],
		[80, "PAD27", "B", 3254, -100, 0],
		[81, "PAD28", "T", 3254, 0, 0],
		[82, "PAD28", "B", 3254, 0, 0],
		[83, "PAD29", "T", 3254, 100, 0],
		[84, "PAD29", "B", 3254, 100, 0],
		[85, "PAD30", "T", -100, -1048, 0],
		[86, "PAD30", "B", -100, -1048, 0],
		[87, "PAD31", "T", 0, -1048, 0],
		[88, "PAD31", "B", 0, -1048, 0],
		[89, "PAD32", "T", 100, -1048, 0],
		[90, "PAD32", "B", 100, -1048, 0],
		[91, "PAD33", "T", 858, 252, 0],
		[92, "PAD33", "B", 858, 252, 0],
		[93, "PAD34", "T", 858, 152, 0],
		[94, "PAD34", "B", 858, 152, 0],
		[95, "PAD35", "T", 858, 52, 0],
		[96, "PAD35", "B", 858, 52, 0],
		[97, "PAD36", "T", 858, -48, 0],
		[98, "PAD36", "B", 858, -48, 0],
		[99, "PAD37", "T", 858, -148, 0],
		[100, "PAD37", "B", 858, -148, 0],
		[101, "PAD38", "T", 858, -248, 0],
		[102, "PAD38", "B", 858, -248, 0],
		[103, "PAD39", "T", -2042, 790, 0],
		[104, "PAD39", "B", -2042, 790, 0],
		[105, "PAD40", "T", -2142, 790, 0],
		[106, "PAD40", "B", -2142, 790, 0],
		[107, "PAD41", "T", -2242, 790, 0],
		[108, "PAD41", "B", -2242, 790, 0],
		[109, "PAD42", "T", -2342, 790, 0],
		[110, "PAD42", "B", -2342, 790, 0],
		[111, "PAD43", "T", 1116.4831, 615.9796, 0],
		[112, "PAD44", "T", 1155.8531, 615.9796, 0],
		[113, "PAD45", "T", 1234.5931, 615.9796, 0],
		[114, "PAD46", "T", 1273.9631, 615.9796, 0],
		[115, "PAD47", "T", 1313.3331, 615.9796, 0],
		[116, "PAD48", "T", 1313.3331, 993.9316, 0],
		[117, "PAD49", "T", 1273.9631, 993.9316, 0],
		[118, "PAD50", "T", 1234.5931, 993.9316, 0],
		[119, "PAD51", "T", 1195.2231, 993.9316, 0],
		[120, "PAD52", "T", 1155.8531, 993.9316, 0],
		[121, "PAD53", "T", 1116.4831, 993.9316, 0],
		[122, "PAD54", "T", 1214.9081, 804.9556, 0],
		[123, "PAD55", "T", 3176.2869, -1476.1669, 0],
		[124, "PAD56", "T", 3227.7059, -1439.8333, 0],
		[125, "PAD57", "T", 3149.8206, 1510.3002, 0],
		[126, "PAD58", "T", 3204.4806, 1479.054, 0],
		[127, "PAD59", "T", -2307.4258, 1200.4771, 0],
		[128, "PAD60", "T", -2280.5731, 1143.53, 0],
		[129, "PAD61", "T", -2307.1848, -1174.5895, 0],
		[130, "PAD62", "T", -2280.8214, -1117.4143, 0],
		[131, "PAD63", "T", 1056.517, -1080.133, 0],
		[132, "PAD64", "T", 1119.477, -1079.863, 0],
		[133, "PAD65", "T", 1822.425, -922, 0],
		[134, "PAD66", "T", 1724, -922, 0],
		[135, "PAD67", "T", 1625.575, -922, 0],
		[136, "PAD68", "T", -295.5399, -1026.7369, 0],
		[137, "PAD69", "T", -295.5399, -846.4169, 0],
		[138, "PAD70", "T", -565.1499, -936.5769, 0],
		[139, "PAD71", "T", -2197.66, 1094, 0],
		[140, "PAD72", "T", -2138.34, 1094, 0],
		[141, "PAD73", "T", -2196.8122, -1070.6739, 0],
		[142, "PAD74", "T", -2137.4922, -1070.6739, 0],
		[143, "PAD75", "T", 3258, -1357.66, 0],
		[144, "PAD76", "T", 3258, -1298.34, 0],
		[145, "PAD77", "T", 3251.1522, 1402.3339, 0],
		[146, "PAD78", "T", 3251.1522, 1343.0139, 0],
		[147, "PAD79", "T", -36, -861.66, 0],
		[148, "PAD80", "T", -36, -802.34, 0],
		[149, "PAD81", "T", 38, -804.34, 0],
		[150, "PAD82", "T", 38, -863.66, 0],
		[151, "PAD83", "T", 1297.66, -1080, 0],
		[152, "PAD84", "T", 1238.34, -1080, 0],
		[153, "PAD85", "T", -2904, -248, 0],
		[154, "PAD85", "B", -2904, -248, 0],
		[155, "PAD86", "T", -2904, -148, 0],
		[156, "PAD86", "B", -2904, -148, 0],
		[157, "PAD87", "T", -2904, -48, 0],
		[158, "PAD87", "B", -2904, -48, 0],
		[159, "PAD88", "T", 3232, 1004.929, 0],
		[160, "PAD89", "T", 3232, 871.071, 0],
		[161, "PAD90", "T", 3234, -837.071, 0],
		[162, "PAD91", "T", 3234, -970.929, 0],
		[163, "PAD92", "T", -1446, 706, 0],
		[164, "PAD92", "B", -1446, 706, 0],
		[165, "PAD93", "T", -846, 606, 0],
		[166, "PAD93", "B", -846, 606, 0],
		[167, "PAD94", "T", -846, 6, 0],
		[168, "PAD94", "B", -846, 6, 0],
		[169, "PAD95", "T", -846, -194, 0],
		[170, "PAD95", "B", -846, -194, 0],
		[171, "PAD96", "T", -846, -394, 0],
		[172, "PAD96", "B", -846, -394, 0],
		[173, "PAD97", "T", -1446, -494, 0],
		[174, "PAD97", "B", -1446, -494, 0],
		[175, "PAD98", "T", -1446, -294, 0],
		[176, "PAD98", "B", -1446, -294, 0],
		[177, "PAD99", "T", -1446, -94, 0],
		[178, "PAD99", "B", -1446, -94, 0],
		[179, "PAD100", "T", -1446, 106, 0],
		[180, "PAD100", "B", -1446, 106, 0],
		[181, "PAD101", "T", -1446, 306, 0],
		[182, "PAD101", "B", -1446, 306, 0],
		[183, "PAD102", "T", -1446, 506, 0],
		[184, "PAD102", "B", -1446, 506, 0],
		[185, "PAD103", "T", -1446, 606, 0],
		[186, "PAD103", "B", -1446, 606, 0],
		[187, "PAD104", "T", -1446, 406, 0],
		[188, "PAD104", "B", -1446, 406, 0],
		[189, "PAD105", "T", -1446, 206, 0],
		[190, "PAD105", "B", -1446, 206, 0],
		[191, "PAD106", "T", -1446, 6, 0],
		[192, "PAD106", "B", -1446, 6, 0],
		[193, "PAD107", "T", -1446, -194, 0],
		[194, "PAD107", "B", -1446, -194, 0],
		[195, "PAD108", "T", -1446, -394, 0],
		[196, "PAD108", "B", -1446, -394, 0],
		[197, "PAD109", "T", -846, -294, 0],
		[198, "PAD109", "B", -846, -294, 0],
		[199, "PAD110", "T", -846, -94, 0],
		[200, "PAD110", "B", -846, -94, 0],
		[201, "PAD111", "T", -846, 106, 0],
		[202, "PAD111", "B", -846, 106, 0],
		[203, "PAD112", "T", -846, 706, 0],
		[204, "PAD112", "B", -846, 706, 0],
		[205, "PAD113", "T", 1147.185, -829.325, 0],
		[206, "PAD114", "T", 1420.815, -920.155, 0],
		[207, "PAD115", "T", 1420.815, -739.845, 0],
		[208, "PAD116", "T", 1590, -670, 0],
		[209, "PAD116", "B", 1590, -670, 0],
		[210, "PAD117", "T", 1590, -570, 0],
		[211, "PAD117", "B", 1590, -570, 0]
	]
},
"pins": {
	"fields": ["PIN_NO", "PIN_NAME", "PIN_X", "PIN_Y", "LAYER", "PIN_TYPE", "NET_NAME", "NET_TYPE", "PAD_SHAPE", "PAD_SIZEX", "PAD_SIZEY", "HOLE_SIZE", "HOLE_LEN", "PAD_ANGLE"],
	"rows": [
		[1, "-   +_1", 1590, -670, "T", "DIP", "$1N6155", "", "R", 78.74, 78.74, 47.244, 47.244, 90],
		[2, "-   +_1", 1590, -670, "B", "DIP", "$1N6155", "", "R", 78.74, 78.74, 47.244, 47.244, 90],
		[3, "-   +_2", 1590, -570, "T", "DIP", "GND", "GND", "C", 78.74, 78.74, 47.244, 47.244, 90],
		[4, "-   +_2", 1590, -570, "B", "DIP", "GND", "GND", "C", 78.74, 78.74, 47.244, 47.244, 90],
		[5, "C1_1", 764, 874, "T", "DIP", "VCC", "", "C", 62.992, 62.992, 39.37, 39.37, 90],
		[6, "C1_1", 764, 874, "B", "DIP", "VCC", "", "C", 62.992, 62.992, 39.37, 39.37, 90],
		[7, "C1_2", 764, 974, "T", "DIP", "GND", "GND", "C", 62.992, 62.992, 39.37, 39.37, 90],
		[8, "C1_2", 764, 974, "B", "DIP", "GND", "GND", "C", 62.992, 62.992, 39.37, 39.37, 90],
		[9, "C2_1", 782, -922, "T", "DIP", "VCC", "", "C", 62.992, 62.992, 39.37, 39.37, 90],
		[10, "C2_1", 782, -922, "B", "DIP", "VCC", "", "C", 62.992, 62.992, 39.37, 39.37, 90],
		[11, "C2_2", 782, -822, "T", "DIP", "GND", "GND", "C", 62.992, 62.992, 39.37, 39.37, 90],
		[12, "C2_2", 782, -822, "B", "DIP", "GND", "GND", "C", 62.992, 62.992, 39.37, 39.37, 90],
		[13, "C3_1", 1258, -614.55, "T", "SMD", "$1N6151", "", "R", 55.512, 53.15, 0, 0, 90],
		[14, "C3_2", 1258, -533.45, "T", "SMD", "VCC", "", "R", 55.512, 53.15, 0, 0, 90],
		[15, "C4_1", 1062, -612.55, "T", "SMD", "$1N6151", "", "R", 55.512, 53.15, 0, 0, 90],
		[16, "C4_2", 1062, -531.45, "T", "SMD", "+5V", "", "R", 55.512, 53.15, 0, 0, 90],
		[17, "C5_1", 1156, -505.61, "T", "SMD", "+5V", "", "R", 59.055, 51.024, 0, 0, 90],
		[18, "C5_2", 1156, -638.39, "T", "SMD", "$1N6151", "", "R", 59.055, 51.024, 0, 0, 90],
		[19, "C6_1", 968, 767.45, "T", "SMD", "GND", "GND", "R", 55.512, 53.15, 0, 0, 90],
		[20, "C6_2", 968, 848.55, "T", "SMD", "VCC", "", "R", 55.512, 53.15, 0, 0, 90],
		[21, "C8_1", -114, -809.45, "T", "SMD", "GND", "GND", "R", 55.512, 53.15, 0, 0, 270],
		[22, "C8_2", -114, -890.55, "T", "SMD", "VCC", "", "R", 55.512, 53.15, 0, 0, 270],
		[23, "CameraData_1", -2822, -818, "T", "DIP", "P4", "", "R", 66.929, 66.929, 39.37, 39.37, 270],
		[24, "CameraData_1", -2822, -818, "B", "DIP", "P4", "", "R", 66.929, 66.929, 39.37, 39.37, 270],
		[25, "CameraData_2", -2822, -918, "T", "DIP", "P5", "", "C", 66.929, 66.929, 39.37, 39.37, 270],
		[26, "CameraData_2", -2822, -918, "B", "DIP", "P5", "", "C", 66.929, 66.929, 39.37, 39.37, 270],
		[27, "CameraPower_1", -2822, 948, "T", "DIP", "+5V", "", "R", 66.929, 66.929, 39.37, 39.37, 270],
		[28, "CameraPower_1", -2822, 948, "B", "DIP", "+5V", "", "R", 66.929, 66.929, 39.37, 39.37, 270],
		[29, "CameraPower_2", -2822, 848, "T", "DIP", "GND", "GND", "C", 66.929, 66.929, 39.37, 39.37, 270],
		[30, "CameraPower_2", -2822, 848, "B", "DIP", "GND", "GND", "C", 66.929, 66.929, 39.37, 39.37, 270],
		[31, "DistS1_1", -2904, 334, "T", "DIP", "DS1_A0", "", "R", 62, 62, 40.158, 40.158, 270],
		[32, "DistS1_1", -2904, 334, "B", "DIP", "DS1_A0", "", "R", 62, 62, 40.158, 40.158, 270],
		[33, "DistS1_2", -2904, 234, "T", "DIP", "+5V", "", "C", 62, 62, 40.158, 40.158, 270],
		[34, "DistS1_2", -2904, 234, "B", "DIP", "+5V", "", "C", 62, 62, 40.158, 40.158, 270],
		[35, "DistS1_3", -2904, 134, "T", "DIP", "GND", "GND", "C", 62, 62, 40.158, 40.158, 270],
		[36, "DistS1_3", -2904, 134, "B", "DIP", "GND", "GND", "C", 62, 62, 40.158, 40.158, 270],
		[37, "DistS2_1", -100, 1048, "T", "DIP", "DS2_A1", "", "R", 62, 62, 40.158, 40.158, 0],
		[38, "DistS2_1", -100, 1048, "B", "DIP", "DS2_A1", "", "R", 62, 62, 40.158, 40.158, 0],
		[39, "DistS2_2", 0, 1048, "T", "DIP", "+5V", "", "C", 62, 62, 40.158, 40.158, 0],
		[40, "DistS2_2", 0, 1048, "B", "DIP", "+5V", "", "C", 62, 62, 40.158, 40.158, 0],
		[41, "DistS2_3", 100, 1048, "T", "DIP", "GND", "GND", "C", 62, 62, 40.158, 40.158, 0],
		[42, "DistS2_3", 100, 1048, "B", "DIP", "GND", "GND", "C", 62, 62, 40.158, 40.158, 0],
		[43, "DistS3_1", 3254, 100, "T", "DIP", "DS3_A2", "", "R", 62, 62, 40.158, 40.158, 270],
		[44, "DistS3_1", 3254, 100, "B", "DIP", "DS3_A2", "", "R", 62, 62, 40.158, 40.158, 270],
		[45, "DistS3_2", 3254, 0, "T", "DIP", "+5V", "", "C", 62, 62, 40.158, 40.158, 270],
		[46, "DistS3_2", 3254, 0, "B", "DIP", "+5V", "", "C", 62, 62, 40.158, 40.158, 270],
		[47, "DistS3_3", 3254, -100, "T", "DIP", "GND", "GND", "C", 62, 62, 40.158, 40.158, 270],
		[48, "DistS3_3", 3254, -100, "B", "DIP", "GND", "GND", "C", 62, 62, 40.158, 40.158, 270],
		[49, "DistS4_1", 100, -1048, "T", "DIP", "DS4_A3", "", "R", 62, 62, 40.158, 40.158, 180],
		[50, "DistS4_1", 100, -1048, "B", "DIP", "DS4_A3", "", "R", 62, 62, 40.158, 40.158, 180],
		[51, "DistS4_2", 0, -1048, "T", "DIP", "+5V", "", "C", 62, 62, 40.158, 40.158, 180],
		[52, "DistS4_2", 0, -1048, "B", "DIP", "+5V", "", "C", 62, 62, 40.158, 40.158, 180],
		[53, "DistS4_3", -100, -1048, "T", "DIP", "GND", "GND", "C", 62, 62, 40.158, 40.158, 180],
		[54, "DistS4_3", -100, -1048, "B", "DIP", "GND", "GND", "C", 62, 62, 40.158, 40.158, 180],
		[55, "Encoder_1", 858, -248, "T", "DIP", "GND", "GND", "R", 70.866, 70.866, 40.158, 40.158, 90],
		[56, "Encoder_1", 858, -248, "B", "DIP", "GND", "GND", "R", 70.866, 70.866, 40.158, 40.158, 90],
		[57, "Encoder_2", 858, -148, "T", "DIP", "OUTB", "", "C", 62.992, 62.992, 40.158, 40.158, 90],
		[58, "Encoder_2", 858, -148, "B", "DIP", "OUTB", "", "C", 62.992, 62.992, 40.158, 40.158, 90],
		[59, "Encoder_3", 858, -48, "T", "DIP", "OUTA", "", "C", 62.992, 62.992, 40.158, 40.158, 90],
		[60, "Encoder_3", 858, -48, "B", "DIP", "OUTA", "", "C", 62.992, 62.992, 40.158, 40.158, 90],
		[61, "Encoder_4", 858, 52, "T", "DIP", "+5V", "", "C", 62.992, 62.992, 40.158, 40.158, 90],
		[62, "Encoder_4", 858, 52, "B", "DIP", "+5V", "", "C", 62.992, 62.992, 40.158, 40.158, 90],
		[63, "Encoder_5", 858, 152, "T", "DIP", "OUT_A1", "", "C", 62.992, 62.992, 40.158, 40.158, 90],
		[64, "Encoder_5", 858, 152, "B", "DIP", "OUT_A1", "", "C", 62.992, 62.992, 40.158, 40.158, 90],
		[65, "Encoder_6", 858, 252, "T", "DIP", "OUT_A2", "", "C", 62.992, 62.992, 40.158, 40.158, 90],
		[66, "Encoder_6", 858, 252, "B", "DIP", "OUT_A2", "", "C", 62.992, 62.992, 40.158, 40.158, 90],
		[67, "Gyro_1", -2042, 790, "T", "DIP", "SCL", "", "R", 66.929, 66.929, 43.308, 43.308, 180],
		[68, "Gyro_1", -2042, 790, "B", "DIP", "SCL", "", "R", 66.929, 66.929, 43.308, 43.308, 180],
		[69, "Gyro_2", -2142, 790, "T", "DIP", "SDA", "", "C", 66.929, 66.929, 43.308, 43.308, 180],
		[70, "Gyro_2", -2142, 790, "B", "DIP", "SDA", "", "C", 66.929, 66.929, 43.308, 43.308, 180],
		[71, "Gyro_3", -2242, 790, "T", "DIP", "+5V", "", "C", 66.929, 66.929, 43.308, 43.308, 180],
		[72, "Gyro_3", -2242, 790, "B", "DIP", "+5V", "", "C", 66.929, 66.929, 43.308, 43.308, 180],
		[73, "Gyro_4", -2342, 790, "T", "DIP", "GND", "GND", "C", 66.929, 66.929, 43.308, 43.308, 180],
		[74, "Gyro_4", -2342, 790, "B", "DIP", "GND", "GND", "C", 66.929, 66.929, 43.308, 43.308, 180],
		[75, "IFX_A1_1", 1116.4831, 615.9796, "T", "SMD", "DIRA_D8", "", "R", 68.8975, 25.5905, 0, 0, 90],
		[76, "IFX_A1_2", 1155.8531, 615.9796, "T", "SMD", "+5V", "", "R", 68.8975, 25.5905, 0, 0, 90],
		[77, "IFX_A1_3", 1195.2231, 615.9796, "T", "SMD", "NET_1", "", "R", 68.8975, 25.5905, 0, 0, 90],
		[78, "IFX_A1_4", 1234.5931, 615.9796, "T", "SMD", "VCC", "", "R", 68.8975, 25.5905, 0, 0, 90],
		[79, "IFX_A1_5", 1273.9631, 615.9796, "T", "SMD", "OUT_A1", "", "R", 68.8975, 25.5905, 0, 0, 90],
		[80, "IFX_A1_6", 1313.3331, 615.9796, "T", "SMD", "GND", "GND", "R", 68.8975, 25.5905, 0, 0, 90],
		[81, "IFX_A1_7", 1313.3331, 993.9316, "T", "SMD", "OUT_A2", "", "R", 68.8975, 25.5905, 0, 0, 90],
		[82, "IFX_A1_8", 1273.9631, 993.9316, "T", "SMD", "GND", "GND", "R", 68.8975, 25.5905, 0, 0, 90],
		[83, "IFX_A1_9", 1234.5931, 993.9316, "T", "SMD", "GND", "GND", "R", 68.8975, 25.5905, 0, 0, 90],
		[84, "IFX_A1_10", 1195.2231, 993.9316, "T", "SMD", "GND", "GND", "R", 68.8975, 25.5905, 0, 0, 90],
		[85, "IFX_A1_11", 1155.8531, 993.9316, "T", "SMD", "GND", "GND", "R", 68.8975, 25.5905, 0, 0, 90],
		[86, "IFX_A1_12", 1116.4831, 993.9316, "T", "SMD", "PWMA_D7", "", "R", 68.8975, 25.5905, 0, 0, 90],
		[87, "IFX_A1_13", 1214.9081, 804.9556, "T", "SMD", "GND", "GND", "R", 311.023, 169.291, 0, 0, 180],
		[88, "LED1_1", 3176.2869, -1476.1669, "T", "SMD", "GND", "GND", "R", 31.496, 31.496, 0, 0, 125],
		[89, "LED1_2", 3227.7059, -1439.8333, "T", "SMD", "$1N6957", "", "R", 31.496, 31.496, 0, 0, 125],
		[90, "LED2_1", 3149.8206, 1510.3002, "T", "SMD", "GND", "GND", "R", 31.496, 31.496, 0, 0, 60],
		[91, "LED2_2", 3204.4806, 1479.054, "T", "SMD", "$1N6960", "", "R", 31.496, 31.496, 0, 0, 60],
		[92, "LED3_1", -2307.4258, 1200.4771, "T", "SMD", "GND", "GND", "R", 31.496, 31.496, 0, 0, 25],
		[93, "LED3_2", -2280.5731, 1143.53, "T", "SMD", "$1N6955", "", "R", 31.496, 31.496, 0, 0, 25],
		[94, "LED4_1", -2307.1848, -1174.5895, "T", "SMD", "GND", "GND", "R", 31.496, 31.496, 0, 0, 155],
		[95, "LED4_2", -2280.8214, -1117.4143, "T", "SMD", "$1N6956", "", "R", 31.496, 31.496, 0, 0, 155],
		[96, "LED5_1", 1056.517, -1080.133, "T", "SMD", "GND", "GND", "R", 31.496, 31.496, 0, 0, 90],
		[97, "LED5_2", 1119.477, -1079.863, "T", "SMD", "$1N6152", "", "R", 31.496, 31.496, 0, 0, 90],
		[98, "ON_OFF_1", 1822.425, -922, "T", "SMD", "NET_2", "", "R", 47.2441, 86.614, 0, 0, 180],
		[99, "ON_OFF_2", 1724, -922, "T", "SMD", "$1N6155", "", "R", 47.244, 86.614, 0, 0, 180],
		[100, "ON_OFF_3", 1625.575, -922, "T", "SMD", "VCC", "", "R", 47.244, 86.614, 0, 0, 180],
		[101, "Q1_1", -295.5399, -1026.7369, "T", "SMD", "$1N6290", "", "R", 118.11, 62.992, 0, 0, 0],
		[102, "Q1_2", -565.1499, -936.5769, "T", "SMD", "OUT_C", "", "R", 244.094, 228.346, 0, 0, 0],
		[103, "Q1_3", -295.5399, -846.4169, "T", "SMD", "GND", "GND", "R", 118.11, 62.992, 0, 0, 0],
		[104, "R4_1", -2138.34, 1094, "T", "SMD", "+5V", "", "R", 31.751, 34.016, 0, 0, 180],
		[105, "R4_2", -2197.66, 1094, "T", "SMD", "$1N6955", "", "R", 31.751, 34.016, 0, 0, 180],
		[106, "R5_1", -2137.4922, -1070.6739, "T", "SMD", "+5V", "", "R", 31.751, 34.016, 0, 0, 180],
		[107, "R5_2", -2196.8122, -1070.6739, "T", "SMD", "$1N6956", "", "R", 31.751, 34.016, 0, 0, 180],
		[108, "R6_1", 3258, -1298.34, "T", "SMD", "LED1_D3", "", "R", 31.751, 34.016, 0, 0, 270],
		[109, "R6_2", 3258, -1357.66, "T", "SMD", "$1N6957", "", "R", 31.751, 34.016, 0, 0, 270],
		[110, "R7_1", 3251.1522, 1343.0139, "T", "SMD", "LED2_D6", "", "R", 31.751, 34.016, 0, 0, 90],
		[111, "R7_2", 3251.1522, 1402.3339, "T", "SMD", "$1N6960", "", "R", 31.751, 34.016, 0, 0, 90],
		[112, "R8_1", -36, -802.34, "T", "SMD", "PWMC_D9", "", "R", 31.751, 34.016, 0, 0, 270],
		[113, "R8_2", -36, -861.66, "T", "SMD", "GND", "GND", "R", 31.751, 34.016, 0, 0, 270],
		[114, "R9_1", 38, -863.66, "T", "SMD", "$1N6290", "", "R", 31.751, 34.016, 0, 0, 90],
		[115, "R9_2", 38, -804.34, "T", "SMD", "PWMC_D9", "", "R", 31.751, 34.016, 0, 0, 90],
		[116, "R10_1", 1238.34, -1080, "T", "SMD", "$1N6152", "", "R", 31.751, 34.016, 0, 0, 0],
		[117, "R10_2", 1297.66, -1080, "T", "SMD", "+5V", "", "R", 31.751, 34.016, 0, 0, 0],
		[118, "RST_1", 3232, 871.071, "T", "SMD", "RESET", "", "R", 31.496, 66.929, 0, 0, 90],
		[119, "RST_2", 3232, 1004.929, "T", "SMD", "GND", "GND", "R", 31.496, 66.929, 0, 0, 90],
		[120, "Servo_1", -2904, -48, "T", "DIP", "SERVO_D2", "", "R", 62, 62, 40.158, 40.158, 270],
		[121, "Servo_1", -2904, -48, "B", "DIP", "SERVO_D2", "", "R", 62, 62, 40.158, 40.158, 270],
		[122, "Servo_2", -2904, -148, "T", "DIP", "+5V", "", "C", 62, 62, 40.158, 40.158, 270],
		[123, "Servo_2", -2904, -148, "B", "DIP", "+5V", "", "C", 62, 62, 40.158, 40.158, 270],
		[124, "Servo_3", -2904, -248, "T", "DIP", "GND", "GND", "C", 62, 62, 40.158, 40.158, 270],
		[125, "Servo_3", -2904, -248, "B", "DIP", "GND", "GND", "C", 62, 62, 40.158, 40.158, 270],
		[126, "START_1", 3234, -970.929, "T", "SMD", "START_D10", "", "R", 31.496, 66.929, 0, 0, 90],
		[127, "START_2", 3234, -837.071, "T", "SMD", "GND", "GND", "R", 31.496, 66.929, 0, 0, 90],
		[128, "U4_1", -1446, 706, "T", "DIP", "P5", "", "R", 62.992, 62.992, 35.434, 35.434, 90],
		[129, "U4_1", -1446, 706, "B", "DIP", "P5", "", "R", 62.992, 62.992, 35.434, 35.434, 90],
		[130, "U4_2", -1446, 606, "T", "DIP", "P4", "", "C", 62.992, 62.992, 35.434, 35.434, 90],
		[131, "U4_2", -1446, 606, "B", "DIP", "P4", "", "C", 62.992, 62.992, 35.434, 35.434, 90],
		[132, "U4_3", -1446, 506, "T", "DIP", "$1N7775", "", "C", 62.992, 62.992, 35.434, 35.434, 90],
		[133, "U4_3", -1446, 506, "B", "DIP", "$1N7775", "", "C", 62.992, 62.992, 35.434, 35.434, 90],
		[134, "U4_4", -1446, 406, "T", "DIP", "GND", "GND", "C", 62.992, 62.992, 35.434, 35.434, 90],
		[135, "U4_4", -1446, 406, "B", "DIP", "GND", "GND", "C", 62.992, 62.992, 35.434, 35.434, 90],
		[136, "U4_5", -1446, 306, "T", "DIP", "SERVO_D2", "", "C", 62.992, 62.992, 35.434, 35.434, 90],
		[137, "U4_5", -1446, 306, "B", "DIP", "SERVO_D2", "", "C", 62.992, 62.992, 35.434, 35.434, 90],
		[138, "U4_6", -1446, 206, "T", "DIP", "LED1_D3", "", "C", 62.992, 62.992, 35.434, 35.434, 90],
		[139, "U4_6", -1446, 206, "B", "DIP", "LED1_D3", "", "C", 62.992, 62.992, 35.434, 35.434, 90],
		[140, "U4_7", -1446, 106, "T", "DIP", "OUTB", "", "C", 62.992, 62.992, 35.434, 35.434, 90],
		[141, "U4_7", -1446, 106, "B", "DIP", "OUTB", "", "C", 62.992, 62.992, 35.434, 35.434, 90],
		[142, "U4_8", -1446, 6, "T", "DIP", "OUTA", "", "C", 62.992, 62.992, 35.434, 35.434, 90],
		[143, "U4_8", -1446, 6, "B", "DIP", "OUTA", "", "C", 62.992, 62.992, 35.434, 35.434, 90],
		[144, "U4_9", -1446, -94, "T", "DIP", "LED2_D6", "", "C", 62.992, 62.992, 35.434, 35.434, 90],
		[145, "U4_9", -1446, -94, "B", "DIP", "LED2_D6", "", "C", 62.992, 62.992, 35.434, 35.434, 90],
		[146, "U4_10", -1446, -194, "T", "DIP", "PWMA_D7", "", "C", 62.992, 62.992, 35.434, 35.434, 90],
		[147, "U4_10", -1446, -194, "B", "DIP", "PWMA_D7", "", "C", 62.992, 62.992, 35.434, 35.434, 90],
		[148, "U4_11", -1446, -294, "T", "DIP", "DIRA_D8", "", "C", 62.992, 62.992, 35.434, 35.434, 90],
		[149, "U4_11", -1446, -294, "B", "DIP", "DIRA_D8", "", "C", 62.992, 62.992, 35.434, 35.434, 90],
		[150, "U4_12", -1446, -394, "T", "DIP", "PWMC_D9", "", "C", 62.992, 62.992, 35.434, 35.434, 90],
		[151, "U4_12", -1446, -394, "B", "DIP", "PWMC_D9", "", "C", 62.992, 62.992, 35.434, 35.434, 90],
		[152, "U4_13", -1446, -494, "T", "DIP", "START_D10", "", "C", 62.992, 62.992, 35.434, 35.434, 90],
		[153, "U4_13", -1446, -494, "B", "DIP", "START_D10", "", "C", 62.992, 62.992, 35.434, 35.434, 90],
		[154, "U4_14", -1446, -594, "T", "DIP", "NET_3", "", "C", 62.992, 62.992, 35.434, 35.434, 90],
		[155, "U4_14", -1446, -594, "B", "DIP", "NET_3", "", "C", 62.992, 62.992, 35.434, 35.434, 90],
		[156, "U4_15", -1446, -694, "T", "DIP", "NET_4", "", "C", 62.992, 62.992, 35.434, 35.434, 90],
		[157, "U4_15", -1446, -694, "B", "DIP", "NET_4", "", "C", 62.992, 62.992, 35.434, 35.434, 90],
		[158, "U4_16", -846, -694, "T", "DIP", "NET_5", "", "C", 62.992, 62.992, 35.434, 35.434, 90],
		[159, "U4_16", -846, -694, "B", "DIP", "NET_5", "", "C", 62.992, 62.992, 35.434, 35.434, 90],
		[160, "U4_17", -846, -594, "T", "DIP", "NET_6", "", "C", 62.992, 62.992, 35.434, 35.434, 90],
		[161, "U4_17", -846, -594, "B", "DIP", "NET_6", "", "C", 62.992, 62.992, 35.434, 35.434, 90],
		[162, "U4_18", -846, -494, "T", "DIP", "NET_7", "", "C", 62.992, 62.992, 35.434, 35.434, 90],
		[163, "U4_18", -846, -494, "B", "DIP", "NET_7", "", "C", 62.992, 62.992, 35.434, 35.434, 90],
		[164, "U4_19", -846, -394, "T", "DIP", "DS1_A0", "", "C", 62.992, 62.992, 35.434, 35.434, 90],
		[165, "U4_19", -846, -394, "B", "DIP", "DS1_A0", "", "C", 62.992, 62.992, 35.434, 35.434, 90],
		[166, "U4_20", -846, -294, "T", "DIP", "DS2_A1", "", "C", 62.992, 62.992, 35.434, 35.434, 90],
		[167, "U4_20", -846, -294, "B", "DIP", "DS2_A1", "", "C", 62.992, 62.992, 35.434, 35.434, 90],
		[168, "U4_21", -846, -194, "T", "DIP", "DS3_A2", "", "C", 62.992, 62.992, 35.434, 35.434, 90],
		[169, "U4_21", -846, -194, "B", "DIP", "DS3_A2", "", "C", 62.992, 62.992, 35.434, 35.434, 90],
		[170, "U4_22", -846, -94, "T", "DIP", "DS4_A3", "", "C", 62.992, 62.992, 35.434, 35.434, 90],
		[171, "U4_22", -846, -94, "B", "DIP", "DS4_A3", "", "C", 62.992, 62.992, 35.434, 35.434, 90],
		[172, "U4_23", -846, 6, "T", "DIP", "SDA", "", "C", 62.992, 62.992, 35.434, 35.434, 90],
		[173, "U4_23", -846, 6, "B", "DIP", "SDA", "", "C", 62.992, 62.992, 35.434, 35.434, 90],
		[174, "U4_24", -846, 106, "T", "DIP", "SCL", "", "C", 62.992, 62.992, 35.434, 35.434, 90],
		[175, "U4_24", -846, 106, "B", "DIP", "SCL", "", "C", 62.992, 62.992, 35.434, 35.434, 90],
		[176, "U4_25", -846, 206, "T", "DIP", "NET_8", "", "C", 62.992, 62.992, 35.434, 35.434, 90],
		[177, "U4_25", -846, 206, "B", "DIP", "NET_8", "", "C", 62.992, 62.992, 35.434, 35.434, 90],
		[178, "U4_26", -846, 306, "T", "DIP", "NET_9", "", "C", 62.992, 62.992, 35.434, 35.434, 90],
		[179, "U4_26", -846, 306, "B", "DIP", "NET_9", "", "C", 62.992, 62.992, 35.434, 35.434, 90],
		[180, "U4_27", -846, 406, "T", "DIP", "NET_10", "", "C", 62.992, 62.992, 35.434, 35.434, 90],
		[181, "U4_27", -846, 406, "B", "DIP", "NET_10", "", "C", 62.992, 62.992, 35.434, 35.434, 90],
		[182, "U4_28", -846, 506, "T", "DIP", "NET_11", "", "C", 62.992, 62.992, 35.434, 35.434, 90],
		[183, "U4_28", -846, 506, "B", "DIP", "NET_11", "", "C", 62.992, 62.992, 35.434, 35.434, 90],
		[184, "U4_29", -846, 606, "T", "DIP", "GND", "GND", "C", 62.992, 62.992, 35.434, 35.434, 90],
		[185, "U4_29", -846, 606, "B", "DIP", "GND", "GND", "C", 62.992, 62.992, 35.434, 35.434, 90],
		[186, "U4_30", -846, 706, "T", "DIP", "+5V", "", "R", 62.992, 62.992, 35.434, 35.434, 90],
		[187, "U4_30", -846, 706, "B", "DIP", "+5V", "", "R", 62.992, 62.992, 35.434, 35.434, 90],
		[188, "U5_1", 1420.815, -920.155, "T", "SMD", "VCC", "", "R", 110.236, 53.15, 0, 0, 180],
		[189, "U5_3", 1420.815, -739.845, "T", "SMD", "+5V", "", "R", 110.236, 59.055, 0, 0, 180],
		[190, "U5_4", 1147.185, -829.325, "T", "SMD", "$1N6151", "", "R", 255.906, 236.22, 0, 0, 180],
		[191, "PAD1_1", -416, -736, "T", "DIP", "OUT_C", "", "O", 118.1102, 78.7402, 35.4331, 35.4331, 180],
		[192, "PAD1_1", -416, -736, "B", "DIP", "OUT_C", "", "O", 118.1102, 78.7402, 35.4331, 35.4331, 180],
		[193, "PAD2_1", 486, -922, "T", "DIP", "VCC", "", "O", 118.1102, 78.7402, 35.4331, 35.4331, 180],
		[194, "PAD2_1", 486, -922, "B", "DIP", "VCC", "", "O", 118.1102, 78.7402, 35.4331, 35.4331, 180],
		[195, "PAD3_1", 764, 874, "T", "DIP", "VCC", "", "C", 62.992, 62.992, 39.37, 39.37, 90],
		[196, "PAD3_1", 764, 874, "B", "DIP", "VCC", "", "C", 62.992, 62.992, 39.37, 39.37, 90],
		[197, "PAD4_2", 764, 974, "T", "DIP", "GND", "GND", "C", 62.992, 62.992, 39.37, 39.37, 90],
		[198, "PAD4_2", 764, 974, "B", "DIP", "GND", "GND", "C", 62.992, 62.992, 39.37, 39.37, 90],
		[199, "PAD5_1", 782, -922, "T", "DIP", "VCC", "", "C", 62.992, 62.992, 39.37, 39.37, 90],
		[200, "PAD5_1", 782, -922, "B", "DIP", "VCC", "", "C", 62.992, 62.992, 39.37, 39.37, 90],
		[201, "PAD6_2", 782, -822, "T", "DIP", "GND", "GND", "C", 62.992, 62.992, 39.37, 39.37, 90],
		[202, "PAD6_2", 782, -822, "B", "DIP", "GND", "GND", "C", 62.992, 62.992, 39.37, 39.37, 90],
		[203, "PAD7_2", 1258, -533.45, "T", "SMD", "VCC", "", "R", 55.512, 53.15, 0, 0, 90],
		[204, "PAD8_1", 1258, -614.55, "T", "SMD", "$1N6151", "", "R", 55.512, 53.15, 0, 0, 90],
		[205, "PAD9_2", 1062, -531.45, "T", "SMD", "+5V", "", "R", 55.512, 53.15, 0, 0, 90],
		[206, "PAD10_1", 1062, -612.55, "T", "SMD", "$1N6151", "", "R", 55.512, 53.15, 0, 0, 90],
		[207, "PAD11_1", 1156, -505.61, "T", "SMD", "+5V", "", "R", 59.055, 51.024, 0, 0, 90],
		[208, "PAD12_2", 1156, -638.39, "T", "SMD", "$1N6151", "", "R", 59.055, 51.024, 0, 0, 90],
		[209, "PAD13_2", 968, 848.55, "T", "SMD", "VCC", "", "R", 55.512, 53.15, 0, 0, 90],
		[210, "PAD14_1", 968, 767.45, "T", "SMD", "GND", "GND", "R", 55.512, 53.15, 0, 0, 90],
		[211, "PAD15_2", -114, -890.55, "T", "SMD", "VCC", "", "R", 55.512, 53.15, 0, 0, 270],
		[212, "PAD16_1", -114, -809.45, "T", "SMD", "GND", "GND", "R", 55.512, 53.15, 0, 0, 270],
		[213, "PAD17_1", -2822, -818, "T", "DIP", "P4", "", "R", 66.929, 66.929, 39.37, 39.37, 270],
		[214, "PAD17_1", -2822, -818, "B", "DIP", "P4", "", "R", 66.929, 66.929, 39.37, 39.37, 270],
		[215, "PAD18_2", -2822, -918, "T", "DIP", "P5", "", "C", 66.929, 66.929, 39.37, 39.37, 270],
		[216, "PAD18_2", -2822, -918, "B", "DIP", "P5", "", "C", 66.929, 66.929, 39.37, 39.37, 270],
		[217, "PAD19_1", -2822, 948, "T", "DIP", "+5V", "", "R", 66.929, 66.929, 39.37, 39.37, 270],
		[218, "PAD19_1", -2822, 948, "B", "DIP", "+5V", "", "R", 66.929, 66.929, 39.37, 39.37, 270],
		[219, "PAD20_2", -2822, 848, "T", "DIP", "GND", "GND", "C", 66.929, 66.929, 39.37, 39.37, 270],
		[220, "PAD20_2", -2822, 848, "B", "DIP", "GND", "GND", "C", 66.929, 66.929, 39.37, 39.37, 270],
		[221, "PAD21_3", -2904, 134, "T", "DIP", "GND", "GND", "C", 62, 62, 40.158, 40.158, 270],
		[222, "PAD21_3", -2904, 134, "B", "DIP", "GND", "GND", "C", 62, 62, 40.158, 40.158, 270],
		[223, "PAD22_2", -2904, 234, "T", "DIP", "+5V", "", "C", 62, 62, 40.158, 40.158, 270],
		[224, "PAD22_2", -2904, 234, "B", "DIP", "+5V", "", "C", 62, 62, 40.158, 40.158, 270],
		[225, "PAD23_1", -2904, 334, "T", "DIP", "DS1_A0", "", "R", 62, 62, 40.158, 40.158, 270],
		[226, "PAD23_1", -2904, 334, "B", "DIP", "DS1_A0", "", "R", 62, 62, 40.158, 40.158, 270],
		[227, "PAD24_3", 100, 1048, "T", "DIP", "GND", "GND", "C", 62, 62, 40.158, 40.158, 0],
		[228, "PAD24_3", 100, 1048, "B", "DIP", "GND", "GND", "C", 62, 62, 40.158, 40.158, 0],
		[229, "PAD25_2", 0, 1048, "T", "DIP", "+5V", "", "C", 62, 62, 40.158, 40.158, 0],
		[230, "PAD25_2", 0, 1048, "B", "DIP", "+5V", "", "C", 62, 62, 40.158, 40.158, 0],
		[231, "PAD26_1", -100, 1048, "T", "DIP", "DS2_A1", "", "R", 62, 62, 40.158, 40.158, 0],
		[232, "PAD26_1", -100, 1048, "B", "DIP", "DS2_A1", "", "R", 62, 62, 40.158, 40.158, 0],
		[233, "PAD27_3", 3254, -100, "T", "DIP", "GND", "GND", "C", 62, 62, 40.158, 40.158, 270],
		[234, "PAD27_3", 3254, -100, "B", "DIP", "GND", "GND", "C", 62, 62, 40.158, 40.158, 270],
		[235, "PAD28_2", 3254, 0, "T", "DIP", "+5V", "", "C", 62, 62, 40.158, 40.158, 270],
		[236, "PAD28_2", 3254, 0, "B", "DIP", "+5V", "", "C", 62, 62, 40.158, 40.158, 270],
		[237, "PAD29_1", 3254, 100, "T", "DIP", "DS3_A2", "", "R", 62, 62, 40.158, 40.158, 270],
		[238, "PAD29_1", 3254, 100, "B", "DIP", "DS3_A2", "", "R", 62, 62, 40.158, 40.158, 270],
		[239, "PAD30_3", -100, -1048, "T", "DIP", "GND", "GND", "C", 62, 62, 40.158, 40.158, 180],
		[240, "PAD30_3", -100, -1048, "B", "DIP", "GND", "GND", "C", 62, 62, 40.158, 40.158, 180],
		[241, "PAD31_2", 0, -1048, "T", "DIP", "+5V", "", "C", 62, 62, 40.158, 40.158, 180],
		[242, "PAD31_2", 0, -1048, "B", "DIP", "+5V", "", "C", 62, 62, 40.158, 40.158, 180],
		[243, "PAD32_1", 100, -1048, "T", "DIP", "DS4_A3", "", "R", 62, 62, 40.158, 40.158, 180],
		[244, "PAD32_1", 100, -1048, "B", "DIP", "DS4_A3", "", "R", 62, 62, 40.158, 40.158, 180],
		[245, "PAD33_6", 858, 252, "T", "DIP", "OUT_A2", "", "C", 62.992, 62.992, 40.158, 40.158, 90],
		[246, "PAD33_6", 858, 252, "B", "DIP", "OUT_A2", "", "C", 62.992, 62.992, 40.158, 40.158, 90],
		[247, "PAD34_5", 858, 152, "T", "DIP", "OUT_A1", "", "C", 62.992, 62.992, 40.158, 40.158, 90],
		[248, "PAD34_5", 858, 152, "B", "DIP", "OUT_A1", "", "C", 62.992, 62.992, 40.158, 40.158, 90],
		[249, "PAD35_4", 858, 52, "T", "DIP", "+5V", "", "C", 62.992, 62.992, 40.158, 40.158, 90],
		[250, "PAD35_4", 858, 52, "B", "DIP", "+5V", "", "C", 62.992, 62.992, 40.158, 40.158, 90],
		[251, "PAD36_3", 858, -48, "T", "DIP", "OUTA", "", "C", 62.992, 62.992, 40.158, 40.158, 90],
		[252, "PAD36_3", 858, -48, "B", "DIP", "OUTA", "", "C", 62.992, 62.992, 40.158, 40.158, 90],
		[253, "PAD37_2", 858, -148, "T", "DIP", "OUTB", "", "C", 62.992, 62.992, 40.158, 40.158, 90],
		[254, "PAD37_2", 858, -148, "B", "DIP", "OUTB", "", "C", 62.992, 62.992, 40.158, 40.158, 90],
		[255, "PAD38_1", 858, -248, "T", "DIP", "GND", "GND", "R", 70.866, 70.866, 40.158, 40.158, 90],
		[256, "PAD38_1", 858, -248, "B", "DIP", "GND", "GND", "R", 70.866, 70.866, 40.158, 40.158, 90],
		[257, "PAD39_1", -2042, 790, "T", "DIP", "SCL", "", "R", 66.929, 66.929, 43.308, 43.308, 180],
		[258, "PAD39_1", -2042, 790, "B", "DIP", "SCL", "", "R", 66.929, 66.929, 43.308, 43.308, 180],
		[259, "PAD40_2", -2142, 790, "T", "DIP", "SDA", "", "C", 66.929, 66.929, 43.308, 43.308, 180],
		[260, "PAD40_2", -2142, 790, "B", "DIP", "SDA", "", "C", 66.929, 66.929, 43.308, 43.308, 180],
		[261, "PAD41_3", -2242, 790, "T", "DIP", "+5V", "", "C", 66.929, 66.929, 43.308, 43.308, 180],
		[262, "PAD41_3", -2242, 790, "B", "DIP", "+5V", "", "C", 66.929, 66.929, 43.308, 43.308, 180],
		[263, "PAD42_4", -2342, 790, "T", "DIP", "GND", "GND", "C", 66.929, 66.929, 43.308, 43.308, 180],
		[264, "PAD42_4", -2342, 790, "B", "DIP", "GND", "GND", "C", 66.929, 66.929, 43.308, 43.308, 180],
		[265, "PAD43_1", 1116.4831, 615.9796, "T", "SMD", "DIRA_D8", "", "R", 68.8975, 25.5905, 0, 0, 90],
		[266, "PAD44_2", 1155.8531, 615.9796, "T", "SMD", "+5V", "", "R", 68.8975, 25.5905, 0, 0, 90],
		[267, "PAD45_4", 1234.5931, 615.9796, "T", "SMD", "VCC", "", "R", 68.8975, 25.5905, 0, 0, 90],
		[268, "PAD46_5", 1273.9631, 615.9796, "T", "SMD", "OUT_A1", "", "R", 68.8975, 25.5905, 0, 0, 90],
		[269, "PAD47_6", 1313.3331, 615.9796, "T", "SMD", "GND", "GND", "R", 68.8975, 25.5905, 0, 0, 90],
		[270, "PAD48_7", 1313.3331, 993.9316, "T", "SMD", "OUT_A2", "", "R", 68.8975, 25.5905, 0, 0, 90],
		[271, "PAD49_8", 1273.9631, 993.9316, "T", "SMD", "GND", "GND", "R", 68.8975, 25.5905, 0, 0, 90],
		[272, "PAD50_9", 1234.5931, 993.9316, "T", "SMD", "GND", "GND", "R", 68.8975, 25.5905, 0, 0, 90],
		[273, "PAD51_10", 1195.2231, 993.9316, "T", "SMD", "GND", "GND", "R", 68.8975, 25.5905, 0, 0, 90],
		[274, "PAD52_11", 1155.8531, 993.9316, "T", "SMD", "GND", "GND", "R", 68.8975, 25.5905, 0, 0, 90],
		[275, "PAD53_12", 1116.4831, 993.9316, "T", "SMD", "PWMA_D7", "", "R", 68.8975, 25.5905, 0, 0, 90],
		[276, "PAD54_13", 1214.9081, 804.9556, "T", "SMD", "GND", "GND", "R", 311.023, 169.291, 0, 0, 180],
		[277, "PAD55_1", 3176.2869, -1476.1669, "T", "SMD", "GND", "GND", "R", 31.496, 31.496, 0, 0, 125],
		[278, "PAD56_2", 3227.7059, -1439.8333, "T", "SMD", "$1N6957", "", "R", 31.496, 31.496, 0, 0, 125],
		[279, "PAD57_1", 3149.8206, 1510.3002, "T", "SMD", "GND", "GND", "R", 31.496, 31.496, 0, 0, 60],
		[280, "PAD58_2", 3204.4806, 1479.054, "T", "SMD", "$1N6960", "", "R", 31.496, 31.496, 0, 0, 60],
		[281, "PAD59_1", -2307.4258, 1200.4771, "T", "SMD", "GND", "GND", "R", 31.496, 31.496, 0, 0, 25],
		[282, "PAD60_2", -2280.5731, 1143.53, "T", "SMD", "$1N6955", "", "R", 31.496, 31.496, 0, 0, 25],
		[283, "PAD61_1", -2307.1848, -1174.5895, "T", "SMD", "GND", "GND", "R", 31.496, 31.496, 0, 0, 155],
		[284, "PAD62_2", -2280.8214, -1117.4143, "T", "SMD", "$1N6956", "", "R", 31.496, 31.496, 0, 0, 155],
		[285, "PAD63_1", 1056.517, -1080.133, "T", "SMD", "GND", "GND", "R", 31.496, 31.496, 0, 0, 90],
		[286, "PAD64_2", 1119.477, -1079.863, "T", "SMD", "$1N6152", "", "R", 31.496, 31.496, 0, 0, 90],
		[287, "PAD65_1", 1822.425, -922, "T", "SMD", "NET_2", "", "R", 47.2441, 86.614, 0, 0, 180],
		[288, "PAD66_2", 1724, -922, "T", "SMD", "$1N6155", "", "R", 47.244, 86.614, 0, 0, 180],
		[289, "PAD67_3", 1625.575, -922, "T", "SMD", "VCC", "", "R", 47.244, 86.614, 0, 0, 180],
		[290, "PAD68_1", -295.5399, -1026.7369, "T", "SMD", "$1N6290", "", "R", 118.11, 62.992, 0, 0, 0],
		[291, "PAD69_3", -295.5399, -846.4169, "T", "SMD", "GND", "GND", "R", 118.11, 62.992, 0, 0, 0],
		[292, "PAD70_2", -565.1499, -936.5769, "T", "SMD", "OUT_C", "", "R", 244.094, 228.346, 0, 0, 0],
		[293, "PAD71_2", -2197.66, 1094, "T", "SMD", "$1N6955", "", "R", 31.751, 34.016, 0, 0, 180],
		[294, "PAD72_1", -2138.34, 1094, "T", "SMD", "+5V", "", "R", 31.751, 34.016, 0, 0, 180],
		[295, "PAD73_2", -2196.8122, -1070.6739, "T", "SMD", "$1N6956", "", "R", 31.751, 34.016, 0, 0, 180],
		[296, "PAD74_1", -2137.4922, -1070.6739, "T", "SMD", "+5V", "", "R", 31.751, 34.016, 0, 0, 180],
		[297, "PAD75_2", 3258, -1357.66, "T", "SMD", "$1N6957", "", "R", 31.751, 34.016, 0, 0, 270],
		[298, "PAD76_1", 3258, -1298.34, "T", "SMD", "LED1_D3", "", "R", 31.751, 34.016, 0, 0, 270],
		[299, "PAD77_2", 3251.1522, 1402.3339, "T", "SMD", "$1N6960", "", "R", 31.751, 34.016, 0, 0, 90],
		[300, "PAD78_1", 3251.1522, 1343.0139, "T", "SMD", "LED2_D6", "", "R", 31.751, 34.016, 0, 0, 90],
		[301, "PAD79_2", -36, -861.66, "T", "SMD", "GND", "GND", "R", 31.751, 34.016, 0, 0, 270],
		[302, "PAD80_1", -36, -802.34, "T", "SMD", "PWMC_D9", "", "R", 31.751, 34.016, 0, 0, 270],
		[303, "PAD81_2", 38, -804.34, "T", "SMD", "PWMC_D9", "", "R", 31.751, 34.016, 0, 0, 90],
		[304, "PAD82_1", 38, -863.66, "T", "SMD", "$1N6290", "", "R", 31.751, 34.016, 0, 0, 90],
		[305, "PAD83_2", 1297.66, -1080, "T", "SMD", "+5V", "", "R", 31.751, 34.016, 0, 0, 0],
		[306, "PAD84_1", 1238.34, -1080, "T", "SMD", "$1N6152", "", "R", 31.751, 34.016, 0, 0, 0],
		[307, "PAD85_3", -2904, -248, "T", "DIP", "GND", "GND", "C", 62, 62, 40.158, 40.158, 270],
		[308, "PAD85_3", -2904, -248, "B", "DIP", "GND", "GND", "C", 62, 62, 40.158, 40.158, 270],
		[309, "PAD86_2", -2904, -148, "T", "DIP", "+5V", "", "C", 62, 62, 40.158, 40.158, 270],
		[310, "PAD86_2", -2904, -148, "B", "DIP", "+5V", "", "C", 62, 62, 40.158, 40.158, 270],
		[311, "PAD87_1", -2904, -48, "T", "DIP", "SERVO_D2", "", "R", 62, 62, 40.158, 40.158, 270],
		[312, "PAD87_1", -2904, -48, "B", "DIP", "SERVO_D2", "", "R", 62, 62, 40.158, 40.158, 270],
		[313, "PAD88_2", 3232, 1004.929, "T", "SMD", "GND", "GND", "R", 31.496, 66.929, 0, 0, 90],
		[314, "PAD89_1", 3232, 871.071, "T", "SMD", "RESET", "", "R", 31.496, 66.929, 0, 0, 90],
		[315, "PAD90_2", 3234, -837.071, "T", "SMD", "GND", "GND", "R", 31.496, 66.929, 0, 0, 90],
		[316, "PAD91_1", 3234, -970.929, "T", "SMD", "START_D10", "", "R", 31.496, 66.929, 0, 0, 90],
		[317, "PAD92_1", -1446, 706, "T", "DIP", "P5", "", "R", 62.992, 62.992, 35.434, 35.434, 90],
		[318, "PAD92_1", -1446, 706, "B", "DIP", "P5", "", "R", 62.992, 62.992, 35.434, 35.434, 90],
		[319, "PAD93_29", -846, 606, "T", "DIP", "GND", "GND", "C", 62.992, 62.992, 35.434, 35.434, 90],
		[320, "PAD93_29", -846, 606, "B", "DIP", "GND", "GND", "C", 62.992, 62.992, 35.434, 35.434, 90],
		[321, "PAD94_23", -846, 6, "T", "DIP", "SDA", "", "C", 62.992, 62.992, 35.434, 35.434, 90],
		[322, "PAD94_23", -846, 6, "B", "DIP", "SDA", "", "C", 62.992, 62.992, 35.434, 35.434, 90],
		[323, "PAD95_21", -846, -194, "T", "DIP", "DS3_A2", "", "C", 62.992, 62.992, 35.434, 35.434, 90],
		[324, "PAD95_21", -846, -194, "B", "DIP", "DS3_A2", "", "C", 62.992, 62.992, 35.434, 35.434, 90],
		[325, "PAD96_19", -846, -394, "T", "DIP", "DS1_A0", "", "C", 62.992, 62.992, 35.434, 35.434, 90],
		[326, "PAD96_19", -846, -394, "B", "DIP", "DS1_A0", "", "C", 62.992, 62.992, 35.434, 35.434, 90],
		[327, "PAD97_13", -1446, -494, "T", "DIP", "START_D10", "", "C", 62.992, 62.992, 35.434, 35.434, 90],
		[328, "PAD97_13", -1446, -494, "B", "DIP", "START_D10", "", "C", 62.992, 62.992, 35.434, 35.434, 90],
		[329, "PAD98_11", -1446, -294, "T", "DIP", "DIRA_D8", "", "C", 62.992, 62.992, 35.434, 35.434, 90],
		[330, "PAD98_11", -1446, -294, "B", "DIP", "DIRA_D8", "", "C", 62.992, 62.992, 35.434, 35.434, 90],
		[331, "PAD99_9", -1446, -94, "T", "DIP", "LED2_D6", "", "C", 62.992, 62.992, 35.434, 35.434, 90],
		[332, "PAD99_9", -1446, -94, "B", "DIP", "LED2_D6", "", "C", 62.992, 62.992, 35.434, 35.434, 90],
		[333, "PAD100_7", -1446, 106, "T", "DIP", "OUTB", "", "C", 62.992, 62.992, 35.434, 35.434, 90],
		[334, "PAD100_7", -1446, 106, "B", "DIP", "OUTB", "", "C", 62.992, 62.992, 35.434, 35.434, 90],
		[335, "PAD101_5", -1446, 306, "T", "DIP", "SERVO_D2", "", "C", 62.992, 62.992, 35.434, 35.434, 90],
		[336, "PAD101_5", -1446, 306, "B", "DIP", "SERVO_D2", "", "C", 62.992, 62.992, 35.434, 35.434, 90],
		[337, "PAD102_3", -1446, 506, "T", "DIP", "$1N7775", "", "C", 62.992, 62.992, 35.434, 35.434, 90],
		[338, "PAD102_3", -1446, 506, "B", "DIP", "$1N7775", "", "C", 62.992, 62.992, 35.434, 35.434, 90],
		[339, "PAD103_2", -1446, 606, "T", "DIP", "P4", "", "C", 62.992, 62.992, 35.434, 35.434, 90],
		[340, "PAD103_2", -1446, 606, "B", "DIP", "P4", "", "C", 62.992, 62.992, 35.434, 35.434, 90],
		[341, "PAD104_4", -1446, 406, "T", "DIP", "GND", "GND", "C", 62.992, 62.992, 35.434, 35.434, 90],
		[342, "PAD104_4", -1446, 406, "B", "DIP", "GND", "GND", "C", 62.992, 62.992, 35.434, 35.434, 90],
		[343, "PAD105_6", -1446, 206, "T", "DIP", "LED1_D3", "", "C", 62.992, 62.992, 35.434, 35.434, 90],
		[344, "PAD105_6", -1446, 206, "B", "DIP", "LED1_D3", "", "C", 62.992, 62.992, 35.434, 35.434, 90],
		[345, "PAD106_8", -1446, 6, "T", "DIP", "OUTA", "", "C", 62.992, 62.992, 35.434, 35.434, 90],
		[346, "PAD106_8", -1446, 6, "B", "DIP", "OUTA", "", "C", 62.992, 62.992, 35.434, 35.434, 90],
		[347, "PAD107_10", -1446, -194, "T", "DIP", "PWMA_D7", "", "C", 62.992, 62.992, 35.434, 35.434, 90],
		[348, "PAD107_10", -1446, -194, "B", "DIP", "PWMA_D7", "", "C", 62.992, 62.992, 35.434, 35.434, 90],
		[349, "PAD108_12", -1446, -394, "T", "DIP", "PWMC_D9", "", "C", 62.992, 62.992, 35.434, 35.434, 90],
		[350, "PAD108_12", -1446, -394, "B", "DIP", "PWMC_D9", "", "C", 62.992, 62.992, 35.434, 35.434, 90],
		[351, "PAD109_20", -846, -294, "T", "DIP", "DS2_A1", "", "C", 62.992, 62.992, 35.434, 35.434, 90],
		[352, "PAD109_20", -846, -294, "B", "DIP", "DS2_A1", "", "C", 62.992, 62.992, 35.434, 35.434, 90],
		[353, "PAD110_22", -846, -94, "T", "DIP", "DS4_A3", "", "C", 62.992, 62.992, 35.434, 35.434, 90],
		[354, "PAD110_22", -846, -94, "B", "DIP", "DS4_A3", "", "C", 62.992, 62.992, 35.434, 35.434, 90],
		[355, "PAD111_24", -846, 106, "T", "DIP", "SCL", "", "C", 62.992, 62.992, 35.434, 35.434, 90],
		[356, "PAD111_24", -846, 106, "B", "DIP", "SCL", "", "C", 62.992, 62.992, 35.434, 35.434, 90],
		[357, "PAD112_30", -846, 706, "T", "DIP", "+5V", "", "R", 62.992, 62.992, 35.434, 35.434, 90],
		[358, "PAD112_30", -846, 706, "B", "DIP", "+5V", "", "R", 62.992, 62.992, 35.434, 35.434, 90],
		[359, "PAD113_4", 1147.185, -829.325, "T", "SMD", "$1N6151", "", "R", 255.906, 236.22, 0, 0, 180],
		[360, "PAD114_1", 1420.815, -920.155, "T", "SMD", "VCC", "", "R", 110.236, 53.15, 0, 0, 180],
		[361, "PAD115_3", 1420.815, -739.845, "T", "SMD", "+5V", "", "R", 110.236, 59.055, 0, 0, 180],
		[362, "PAD116_1", 1590, -670, "T", "DIP", "$1N6155", "", "R", 78.74, 78.74, 47.244, 47.244, 90],
		[363, "PAD116_1", 1590, -670, "B", "DIP", "$1N6155", "", "R", 78.74, 78.74, 47.244, 47.244, 90],
		[364, "PAD117_2", 1590, -570, "T", "DIP", "GND", "GND", "C", 78.74, 78.74, 47.244, 47.244, 90],
		[365, "PAD117_2", 1590, -570, "B", "DIP", "GND", "GND", "C", 78.74, 78.74, 47.244, 47.244, 90]
	]
}
}